,Names,H2O %,CO2 %
0,A3,1.1891713907991897,2.2660289283004738
1,A4,1.9445711358484024,3.5277509002537784
