,Names,Pressure
0,A1,89.64171427683495
1,A2,87.1558706006034
